# real_path	loader_name	sha256[:16]	size   (@PY@ = suites/pyperformance; the 82 images a pyperformance process maps, minus ld.so and the vdso)
@PY@/cpython-cg/bin/python3.12	@PY@/cpython-cg/bin/python3.12	75409468da12a5e3	28953904
@PY@/cpython-cg/lib/python3.12/lib-dynload/_asyncio.cpython-312-x86_64-linux-gnu.so	@PY@/cpython-cg/lib/python3.12/lib-dynload/_asyncio.cpython-312-x86_64-linux-gnu.so	98bfc430a2a690bc	382056
@PY@/cpython-cg/lib/python3.12/lib-dynload/_bisect.cpython-312-x86_64-linux-gnu.so	@PY@/cpython-cg/lib/python3.12/lib-dynload/_bisect.cpython-312-x86_64-linux-gnu.so	ef19c0601ef64614	61352
@PY@/cpython-cg/lib/python3.12/lib-dynload/_blake2.cpython-312-x86_64-linux-gnu.so	@PY@/cpython-cg/lib/python3.12/lib-dynload/_blake2.cpython-312-x86_64-linux-gnu.so	187fff6c6b24f46b	249416
@PY@/cpython-cg/lib/python3.12/lib-dynload/_codecs_cn.cpython-312-x86_64-linux-gnu.so	@PY@/cpython-cg/lib/python3.12/lib-dynload/_codecs_cn.cpython-312-x86_64-linux-gnu.so	da066417b256780c	187456
@PY@/cpython-cg/lib/python3.12/lib-dynload/_codecs_hk.cpython-312-x86_64-linux-gnu.so	@PY@/cpython-cg/lib/python3.12/lib-dynload/_codecs_hk.cpython-312-x86_64-linux-gnu.so	f97c3c4a317b794b	194728
@PY@/cpython-cg/lib/python3.12/lib-dynload/_codecs_iso2022.cpython-312-x86_64-linux-gnu.so	@PY@/cpython-cg/lib/python3.12/lib-dynload/_codecs_iso2022.cpython-312-x86_64-linux-gnu.so	c975480a81c419e8	77992
@PY@/cpython-cg/lib/python3.12/lib-dynload/_codecs_jp.cpython-312-x86_64-linux-gnu.so	@PY@/cpython-cg/lib/python3.12/lib-dynload/_codecs_jp.cpython-312-x86_64-linux-gnu.so	d47f07d9ba563102	314840
@PY@/cpython-cg/lib/python3.12/lib-dynload/_codecs_kr.cpython-312-x86_64-linux-gnu.so	@PY@/cpython-cg/lib/python3.12/lib-dynload/_codecs_kr.cpython-312-x86_64-linux-gnu.so	460e3f6accd4a246	173352
@PY@/cpython-cg/lib/python3.12/lib-dynload/_codecs_tw.cpython-312-x86_64-linux-gnu.so	@PY@/cpython-cg/lib/python3.12/lib-dynload/_codecs_tw.cpython-312-x86_64-linux-gnu.so	69ebfecf2abf509f	138880
@PY@/cpython-cg/lib/python3.12/lib-dynload/_contextvars.cpython-312-x86_64-linux-gnu.so	@PY@/cpython-cg/lib/python3.12/lib-dynload/_contextvars.cpython-312-x86_64-linux-gnu.so	d467d54539845714	25544
@PY@/cpython-cg/lib/python3.12/lib-dynload/_csv.cpython-312-x86_64-linux-gnu.so	@PY@/cpython-cg/lib/python3.12/lib-dynload/_csv.cpython-312-x86_64-linux-gnu.so	67e02d840220b17a	127792
@PY@/cpython-cg/lib/python3.12/lib-dynload/_ctypes.cpython-312-x86_64-linux-gnu.so	@PY@/cpython-cg/lib/python3.12/lib-dynload/_ctypes.cpython-312-x86_64-linux-gnu.so	6028edb8e9588b65	831080
@PY@/cpython-cg/lib/python3.12/lib-dynload/_curses.cpython-312-x86_64-linux-gnu.so	@PY@/cpython-cg/lib/python3.12/lib-dynload/_curses.cpython-312-x86_64-linux-gnu.so	af03711fa0aa5f12	524160
@PY@/cpython-cg/lib/python3.12/lib-dynload/_datetime.cpython-312-x86_64-linux-gnu.so	@PY@/cpython-cg/lib/python3.12/lib-dynload/_datetime.cpython-312-x86_64-linux-gnu.so	3a71f19e33173f24	507848
@PY@/cpython-cg/lib/python3.12/lib-dynload/_decimal.cpython-312-x86_64-linux-gnu.so	@PY@/cpython-cg/lib/python3.12/lib-dynload/_decimal.cpython-312-x86_64-linux-gnu.so	9b5f95e4bca2265a	1577800
@PY@/cpython-cg/lib/python3.12/lib-dynload/_elementtree.cpython-312-x86_64-linux-gnu.so	@PY@/cpython-cg/lib/python3.12/lib-dynload/_elementtree.cpython-312-x86_64-linux-gnu.so	79e770b51005b155	369048
@PY@/cpython-cg/lib/python3.12/lib-dynload/_hashlib.cpython-312-x86_64-linux-gnu.so	@PY@/cpython-cg/lib/python3.12/lib-dynload/_hashlib.cpython-312-x86_64-linux-gnu.so	ef51c0382e782276	183848
@PY@/cpython-cg/lib/python3.12/lib-dynload/_heapq.cpython-312-x86_64-linux-gnu.so	@PY@/cpython-cg/lib/python3.12/lib-dynload/_heapq.cpython-312-x86_64-linux-gnu.so	84ad9cbaadb92268	62672
@PY@/cpython-cg/lib/python3.12/lib-dynload/_json.cpython-312-x86_64-linux-gnu.so	@PY@/cpython-cg/lib/python3.12/lib-dynload/_json.cpython-312-x86_64-linux-gnu.so	58b1372097a237b6	240264
@PY@/cpython-cg/lib/python3.12/lib-dynload/_multibytecodec.cpython-312-x86_64-linux-gnu.so	@PY@/cpython-cg/lib/python3.12/lib-dynload/_multibytecodec.cpython-312-x86_64-linux-gnu.so	f6e715da61050fb5	170696
@PY@/cpython-cg/lib/python3.12/lib-dynload/_multiprocessing.cpython-312-x86_64-linux-gnu.so	@PY@/cpython-cg/lib/python3.12/lib-dynload/_multiprocessing.cpython-312-x86_64-linux-gnu.so	bd3120f767587a4f	69400
@PY@/cpython-cg/lib/python3.12/lib-dynload/_opcode.cpython-312-x86_64-linux-gnu.so	@PY@/cpython-cg/lib/python3.12/lib-dynload/_opcode.cpython-312-x86_64-linux-gnu.so	c554405db7a6f040	29848
@PY@/cpython-cg/lib/python3.12/lib-dynload/_pickle.cpython-312-x86_64-linux-gnu.so	@PY@/cpython-cg/lib/python3.12/lib-dynload/_pickle.cpython-312-x86_64-linux-gnu.so	0c1d865174afc306	563800
@PY@/cpython-cg/lib/python3.12/lib-dynload/_posixsubprocess.cpython-312-x86_64-linux-gnu.so	@PY@/cpython-cg/lib/python3.12/lib-dynload/_posixsubprocess.cpython-312-x86_64-linux-gnu.so	427ee6dc6979fac8	165584
@PY@/cpython-cg/lib/python3.12/lib-dynload/_queue.cpython-312-x86_64-linux-gnu.so	@PY@/cpython-cg/lib/python3.12/lib-dynload/_queue.cpython-312-x86_64-linux-gnu.so	0121f6dbda0cb990	61368
@PY@/cpython-cg/lib/python3.12/lib-dynload/_random.cpython-312-x86_64-linux-gnu.so	@PY@/cpython-cg/lib/python3.12/lib-dynload/_random.cpython-312-x86_64-linux-gnu.so	ae230603bee39a24	56464
@PY@/cpython-cg/lib/python3.12/lib-dynload/_sha2.cpython-312-x86_64-linux-gnu.so	@PY@/cpython-cg/lib/python3.12/lib-dynload/_sha2.cpython-312-x86_64-linux-gnu.so	c8444ed79e07fac8	1471160
@PY@/cpython-cg/lib/python3.12/lib-dynload/_socket.cpython-312-x86_64-linux-gnu.so	@PY@/cpython-cg/lib/python3.12/lib-dynload/_socket.cpython-312-x86_64-linux-gnu.so	2712dedf0ba79741	325328
@PY@/cpython-cg/lib/python3.12/lib-dynload/_ssl.cpython-312-x86_64-linux-gnu.so	@PY@/cpython-cg/lib/python3.12/lib-dynload/_ssl.cpython-312-x86_64-linux-gnu.so	04586d240331ecf1	550656
@PY@/cpython-cg/lib/python3.12/lib-dynload/_struct.cpython-312-x86_64-linux-gnu.so	@PY@/cpython-cg/lib/python3.12/lib-dynload/_struct.cpython-312-x86_64-linux-gnu.so	c25ee03ed231ef1c	170424
@PY@/cpython-cg/lib/python3.12/lib-dynload/_zoneinfo.cpython-312-x86_64-linux-gnu.so	@PY@/cpython-cg/lib/python3.12/lib-dynload/_zoneinfo.cpython-312-x86_64-linux-gnu.so	b77d43422addd06a	238408
@PY@/cpython-cg/lib/python3.12/lib-dynload/array.cpython-312-x86_64-linux-gnu.so	@PY@/cpython-cg/lib/python3.12/lib-dynload/array.cpython-312-x86_64-linux-gnu.so	824a0d388e019313	207752
@PY@/cpython-cg/lib/python3.12/lib-dynload/binascii.cpython-312-x86_64-linux-gnu.so	@PY@/cpython-cg/lib/python3.12/lib-dynload/binascii.cpython-312-x86_64-linux-gnu.so	77ce24807351953d	172456
@PY@/cpython-cg/lib/python3.12/lib-dynload/cmath.cpython-312-x86_64-linux-gnu.so	@PY@/cpython-cg/lib/python3.12/lib-dynload/cmath.cpython-312-x86_64-linux-gnu.so	77d7448849b715f5	105784
@PY@/cpython-cg/lib/python3.12/lib-dynload/fcntl.cpython-312-x86_64-linux-gnu.so	@PY@/cpython-cg/lib/python3.12/lib-dynload/fcntl.cpython-312-x86_64-linux-gnu.so	d67cc248b0317f4f	53256
@PY@/cpython-cg/lib/python3.12/lib-dynload/grp.cpython-312-x86_64-linux-gnu.so	@PY@/cpython-cg/lib/python3.12/lib-dynload/grp.cpython-312-x86_64-linux-gnu.so	dc43476cceba036c	54920
@PY@/cpython-cg/lib/python3.12/lib-dynload/math.cpython-312-x86_64-linux-gnu.so	@PY@/cpython-cg/lib/python3.12/lib-dynload/math.cpython-312-x86_64-linux-gnu.so	b37f8f4abd99c965	326112
@PY@/cpython-cg/lib/python3.12/lib-dynload/mmap.cpython-312-x86_64-linux-gnu.so	@PY@/cpython-cg/lib/python3.12/lib-dynload/mmap.cpython-312-x86_64-linux-gnu.so	d3e6918392c76868	85256
@PY@/cpython-cg/lib/python3.12/lib-dynload/pyexpat.cpython-312-x86_64-linux-gnu.so	@PY@/cpython-cg/lib/python3.12/lib-dynload/pyexpat.cpython-312-x86_64-linux-gnu.so	7caf1f6e97a2659b	867144
@PY@/cpython-cg/lib/python3.12/lib-dynload/resource.cpython-312-x86_64-linux-gnu.so	@PY@/cpython-cg/lib/python3.12/lib-dynload/resource.cpython-312-x86_64-linux-gnu.so	49e139ef7d2578b5	51296
@PY@/cpython-cg/lib/python3.12/lib-dynload/select.cpython-312-x86_64-linux-gnu.so	@PY@/cpython-cg/lib/python3.12/lib-dynload/select.cpython-312-x86_64-linux-gnu.so	c730a1330c9c07c8	102880
@PY@/cpython-cg/lib/python3.12/lib-dynload/termios.cpython-312-x86_64-linux-gnu.so	@PY@/cpython-cg/lib/python3.12/lib-dynload/termios.cpython-312-x86_64-linux-gnu.so	bff1537b613d15c7	74224
@PY@/cpython-cg/lib/python3.12/lib-dynload/unicodedata.cpython-312-x86_64-linux-gnu.so	@PY@/cpython-cg/lib/python3.12/lib-dynload/unicodedata.cpython-312-x86_64-linux-gnu.so	28526d0816bff26e	1236064
@PY@/cpython-cg/lib/python3.12/lib-dynload/zlib.cpython-312-x86_64-linux-gnu.so	@PY@/cpython-cg/lib/python3.12/lib-dynload/zlib.cpython-312-x86_64-linux-gnu.so	24951cb3eb6963a9	184936
@PY@/wp/extmods/_bz2.cpython-312-x86_64-linux-gnu.so	@PY@/wp/extmods/_bz2.cpython-312-x86_64-linux-gnu.so	f344b3d3cda615a1	80000
@PY@/wp/extmods/_lzma.cpython-312-x86_64-linux-gnu.so	@PY@/wp/extmods/_lzma.cpython-312-x86_64-linux-gnu.so	060728615edb8c3f	127280
@PY@/wp/extmods/_sqlite3.cpython-312-x86_64-linux-gnu.so	@PY@/wp/extmods/_sqlite3.cpython-312-x86_64-linux-gnu.so	9bd237db07831edd	504440
@PY@/wp/extmods/_uuid.cpython-312-x86_64-linux-gnu.so	@PY@/wp/extmods/_uuid.cpython-312-x86_64-linux-gnu.so	f866e29cd6423046	25288
@PY@/wp/site/charset_normalizer/cd.cpython-312-x86_64-linux-gnu.so	@PY@/wp/site/charset_normalizer/cd.cpython-312-x86_64-linux-gnu.so	b16e644c978a0f76	169424
@PY@/wp/site/charset_normalizer/md.cpython-312-x86_64-linux-gnu.so	@PY@/wp/site/charset_normalizer/md.cpython-312-x86_64-linux-gnu.so	8efd70bb6f5b91f7	313840
@PY@/wp/site/coverage/tracer.cpython-312-x86_64-linux-gnu.so	@PY@/wp/site/coverage/tracer.cpython-312-x86_64-linux-gnu.so	24e8a2654ec39264	117928
@PY@/wp/site/dulwich/_diff_tree.cpython-312-x86_64-linux-gnu.so	@PY@/wp/site/dulwich/_diff_tree.cpython-312-x86_64-linux-gnu.so	b5d74d18ad2cdbc4	56776
@PY@/wp/site/dulwich/_objects.cpython-312-x86_64-linux-gnu.so	@PY@/wp/site/dulwich/_objects.cpython-312-x86_64-linux-gnu.so	341a599b33743dd7	38856
@PY@/wp/site/dulwich/_pack.cpython-312-x86_64-linux-gnu.so	@PY@/wp/site/dulwich/_pack.cpython-312-x86_64-linux-gnu.so	bd528c145dcdcb74	37872
@PY@/wp/site/greenlet/_greenlet.cpython-312-x86_64-linux-gnu.so	@PY@/wp/site/greenlet/_greenlet.cpython-312-x86_64-linux-gnu.so	e493595beb139b81	1446176
@PY@/wp/site/markupsafe/_speedups.cpython-312-x86_64-linux-gnu.so	@PY@/wp/site/markupsafe/_speedups.cpython-312-x86_64-linux-gnu.so	f94e2d63802e97fb	46792
@PY@/wp/site/msgpack/_cmsgpack.cpython-312-x86_64-linux-gnu.so	@PY@/wp/site/msgpack/_cmsgpack.cpython-312-x86_64-linux-gnu.so	72b2b461af33f22d	1364392
@PY@/wp/site/psutil/_psutil_linux.abi3.so	@PY@/wp/site/psutil/_psutil_linux.abi3.so	8085c743a77f6059	150904
@PY@/wp/site/pydantic_core/_pydantic_core.cpython-312-x86_64-linux-gnu.so	@PY@/wp/site/pydantic_core/_pydantic_core.cpython-312-x86_64-linux-gnu.so	95f68ef2535a5102	4692312
@PY@/wp/site/sqlalchemy/cimmutabledict.cpython-312-x86_64-linux-gnu.so	@PY@/wp/site/sqlalchemy/cimmutabledict.cpython-312-x86_64-linux-gnu.so	11868662bb2e8d1f	45792
@PY@/wp/site/sqlalchemy/cprocessors.cpython-312-x86_64-linux-gnu.so	@PY@/wp/site/sqlalchemy/cprocessors.cpython-312-x86_64-linux-gnu.so	6c8e028fdf54d1d4	45824
@PY@/wp/site/sqlalchemy/cresultproxy.cpython-312-x86_64-linux-gnu.so	@PY@/wp/site/sqlalchemy/cresultproxy.cpython-312-x86_64-linux-gnu.so	0aa25de67f663678	70048
@PY@/wp/site/tornado/speedups.abi3.so	@PY@/wp/site/tornado/speedups.abi3.so	1ac3cc57d98c67b5	21128
@PY@/wp/site/yaml/_yaml.cpython-312-x86_64-linux-gnu.so	@PY@/wp/site/yaml/_yaml.cpython-312-x86_64-linux-gnu.so	14315e1c51e622b5	2367192
/usr/lib/x86_64-linux-gnu/libbz2.so.1.0.4	/lib/x86_64-linux-gnu/libbz2.so.1.0	cc08c9f50a8009ff	78944
/usr/lib/x86_64-linux-gnu/libc.so.6	/lib/x86_64-linux-gnu/libc.so.6	3a15d66867d83762	2129424
/usr/lib/x86_64-linux-gnu/libcrypto.so.3	/lib/x86_64-linux-gnu/libcrypto.so.3	6a66c3ba6b3749aa	5309400
/usr/lib/x86_64-linux-gnu/libdl.so.2	/lib/x86_64-linux-gnu/libdl.so.2	c2994527172cc23b	14408
/usr/lib/x86_64-linux-gnu/libffi.so.8.1.4	/lib/x86_64-linux-gnu/libffi.so.8	00f593fe192f2851	47672
/usr/lib/x86_64-linux-gnu/libgcc_s.so.1	/lib/x86_64-linux-gnu/libgcc_s.so.1	d93224d2b0dab424	183024
/usr/lib/x86_64-linux-gnu/liblzma.so.5.4.5	/lib/x86_64-linux-gnu/liblzma.so.5	696e868dd0700a19	202904
/usr/lib/x86_64-linux-gnu/libm.so.6	/lib/x86_64-linux-gnu/libm.so.6	fce00b6f25f459cf	952616
/usr/lib/x86_64-linux-gnu/libncursesw.so.6.4	/lib/x86_64-linux-gnu/libncursesw.so.6	a7d7897c415473e5	239848
/usr/lib/x86_64-linux-gnu/libpthread.so.0	/lib/x86_64-linux-gnu/libpthread.so.0	90491a21ce44efcf	14408
/usr/lib/x86_64-linux-gnu/librt.so.1	/lib/x86_64-linux-gnu/librt.so.1	6d072187d88e092e	14624
/usr/lib/x86_64-linux-gnu/libsqlite3.so.0.8.6	/lib/x86_64-linux-gnu/libsqlite3.so.0	85265a9d4afca6f4	1468440
/usr/lib/x86_64-linux-gnu/libssl.so.3	/lib/x86_64-linux-gnu/libssl.so.3	8e49cebd373d90b5	696512
/usr/lib/x86_64-linux-gnu/libstdc++.so.6.0.33	/lib/x86_64-linux-gnu/libstdc++.so.6	1fd75fe70354a416	2592224
/usr/lib/x86_64-linux-gnu/libtinfo.so.6.4	/lib/x86_64-linux-gnu/libtinfo.so.6	61f693cd7f8e55ad	208328
/usr/lib/x86_64-linux-gnu/libuuid.so.1.3.0	/lib/x86_64-linux-gnu/libuuid.so.1	78d7f4d6f27b7dff	35032
/usr/lib/x86_64-linux-gnu/libz.so.1.3	/lib/x86_64-linux-gnu/libz.so.1	86200da370f20476	113000
