# bench loops vanilla_ktime_at_loops vanilla_ktime_at_1 (calibrated on core 5, >= 0.1 s summed timed)
2to3 1 0.252290 0.252290
argparse 256 0.142541 0.000596
argparse_subparsers 4 0.169865 0.042095
async_generators 1 0.360089 0.360089
async_tree 1 0.384071 0.384071
async_tree_cpu_io_mixed 1 0.656995 0.656995
async_tree_io 1 0.898458 0.898458
async_tree_memoization 1 0.468163 0.468163
async_tree_eager 1 0.104961 0.104961
async_tree_eager_cpu_io_mixed 1 0.405308 0.405308
async_tree_eager_io 1 0.952324 0.952324
async_tree_eager_memoization 1 0.244197 0.244197
async_tree_tg 1 0.370993 0.370993
async_tree_cpu_io_mixed_tg 1 0.633894 0.633894
async_tree_io_tg 1 0.911364 0.911364
async_tree_memoization_tg 1 0.471451 0.471451
async_tree_eager_tg 1 0.298605 0.298605
async_tree_eager_cpu_io_mixed_tg 1 0.545658 0.545658
async_tree_eager_io_tg 1 0.926039 0.926039
async_tree_eager_memoization_tg 1 0.358746 0.358746
asyncio_tcp 1 0.305095 0.305095
asyncio_tcp_ssl 1 0.901055 0.901055
asyncio_websockets 1 0.330744 0.330744
base64 1 1.858689 1.858689
bpe_tokeniser 1 4.899998 4.899998
concurrent_imap 16 0.147134 0.009629
coroutines 8 0.157360 0.019789
coverage 2 0.115439 0.057485
gc_traversal 64 0.191063 0.003010
gc_collect 128 0.135178 0.001055
generators 4 0.117885 0.029450
chameleon 8 0.100850 0.012690
chaos 2 0.123148 0.061976
comprehensions 8192 0.171700 0.000026
crypto_pyaes 2 0.150234 0.075113
dask 1 3.038544 3.038544
deepcopy 512 0.192456 0.000389
deltablue 64 0.174377 0.002687
django_template 4 0.138789 0.035375
dulwich_log 2 0.111000 0.054074
docutils 1 2.436537 2.436537
fannkuch 1 0.360129 0.360129
fastapi 1 0.276231 0.276231
float 2 0.149427 0.075325
genshi 2 0.137059 0.068807
go 1 0.120791 0.120791
hexiom 32 0.172298 0.005420
html5lib 2 0.108453 0.054485
json_dumps 16 0.177393 0.011191
json_loads 256 0.138986 0.000546
logging 1024 0.128949 0.000134
mako 16 0.153327 0.009694
mdp 1 2.441663 2.441663
meteor_contest 1 0.108711 0.108711
networkx 1 0.383301 0.383301
networkx_connected_components 1 0.396462 0.396462
networkx_k_core 1 2.156606 2.156606
nbody 2 0.136655 0.067978
nqueens 2 0.175554 0.088072
pathlib 8 0.143992 0.018189
pickle 512 0.124393 0.000243
pickle_dict 1024 0.161987 0.000163
pickle_list 4096 0.171758 0.000043
pickle_pure_python 32 0.190106 0.005912
pidigits 1 0.189456 0.189456
pprint 1 2.329058 2.329058
pyflate 1 0.405800 0.405800
python_startup 16 0.144911 0.009246
python_startup_no_site 16 0.117521 0.007334
raytrace 1 0.291837 0.291837
regex_compile 1 0.134522 0.134522
regex_dna 1 0.171047 0.171047
regex_effbot 8 0.193288 0.024365
regex_v8 8 0.159458 0.020263
richards 4 0.164835 0.041284
richards_super 4 0.184225 0.046432
scimark 1 0.553330 0.553330
spectral_norm 1 0.102947 0.102947
sphinx 1 0.987305 0.987305
sqlalchemy_declarative 1 0.125781 0.125781
sqlalchemy_imperative 8 0.123460 0.015613
sqlglot_v2 1 0.110091 0.110091
sqlglot_v2_parse 128 0.156133 0.001248
sqlglot_v2_transpile 128 0.197285 0.001596
sqlglot_v2_optimize 2 0.108111 0.053960
sqlite_synth 65536 0.153366 0.000115
sympy 1 0.892313 0.892313
telco 16 0.108568 0.006944
tomli_loads 1 2.184022 2.184022
tornado_http 2 0.175715 0.087529
typing_runtime_protocols 1024 0.176833 0.000181
unpack_sequence 8192 0.119198 0.000034
unpickle 512 0.155282 0.000306
unpickle_list 4096 0.186038 0.000048
unpickle_pure_python 32 0.132188 0.004160
xdsl 4 0.179395 0.050329
xml_etree 1 0.386246 0.386246
